[{"@type":"mappingTemplate","id":"@1","name":"Mapping274","description":"test1","bundleVersion":"0","templateId":"@3","deployTime":1671080210000,"hasParameters":false,"valid":true,"fixedConnection":true,"hasParametersDeployed":false,"fixedConnectionDeployed":true,"isSchemaValidationEnabled":false,"tasks":1,"mappingPreviewFileRecordId":"@2","documentType":"MAPPING","references":[{"@type":"reference","refObjectId":"@0cG9vDYHXPzcAQMIirhC4e","refType":"connection"},{"@type":"reference","refObjectId":"@aSvCY5VKnuAb5xQzYOxMqO","refType":"connection"}]}]