[{"@type":"mappingTemplate","id":"@1","name":"FrsMappingCheck","description":"modified12334_modified_tx_modified only mapping111","bundleVersion":"0","templateId":"@3","deployTime":1670913620000,"hasParameters":false,"valid":true,"fixedConnection":true,"hasParametersDeployed":false,"fixedConnectionDeployed":true,"isSchemaValidationEnabled":false,"tasks":1,"mappingPreviewFileRecordId":"@2","documentType":"MAPPING","references":[{"@type":"reference","refObjectId":"@3SIhMKb1Usxd7uoz2PgLSV","refType":"connection"}]}]