[{"@type":"mappingTemplate","id":"@1","name":"FrsMappingCheck","description":"test","bundleVersion":"0","templateId":"@3","deployTime":1670400402000,"hasParameters":false,"valid":true,"fixedConnection":true,"hasParametersDeployed":false,"fixedConnectionDeployed":true,"isSchemaValidationEnabled":false,"tasks":1,"mappingPreviewFileRecordId":"@2","documentType":"MAPPING","references":[{"@type":"reference","refObjectId":"@0cG9vDYHXPzcAQMIirhC4e","refType":"connection"},{"@type":"reference","refObjectId":"@apyZFhAK91Mj9ikQFJCfIw","refType":"connection"}]}]