[{"@type":"mappingTemplate","id":"@1","name":"Exporttest","description":"","bundleVersion":"0","templateId":"@3","deployTime":1671026603000,"hasParameters":false,"valid":true,"fixedConnection":true,"hasParametersDeployed":false,"fixedConnectionDeployed":true,"isSchemaValidationEnabled":false,"tasks":1,"mappingPreviewFileRecordId":"@2","documentType":"MAPPING","references":[{"@type":"reference","refObjectId":"@0cG9vDYHXPzcAQMIirhC4e","refType":"connection"},{"@type":"reference","refObjectId":"@7SyyQk5Ayh3jy9oyn0Fwms","refType":"connection"}]}]