[{"@type":"mappingTemplate","id":"@1","name":"Mapping277","description":"test123cvvvcxvzcxv","bundleVersion":"0","templateId":"@3","deployTime":1671019698000,"hasParameters":true,"valid":true,"fixedConnection":true,"hasParametersDeployed":true,"fixedConnectionDeployed":true,"isSchemaValidationEnabled":false,"tasks":0,"mappingPreviewFileRecordId":"@2","documentType":"MAPPING","references":[{"@type":"reference","refObjectId":"@0cG9vDYHXPzcAQMIirhC4e","refType":"connection"},{"@type":"reference","refObjectId":"@apyZFhAK91Mj9ikQFJCfIw","refType":"connection"}]}]