[{"@type":"mappingTemplate","id":"@1","name":"FrsMappingCheck","description":"modified12","bundleVersion":"0","templateId":"@3","deployTime":1670935556000,"hasParameters":false,"valid":true,"fixedConnection":true,"hasParametersDeployed":false,"fixedConnectionDeployed":true,"isSchemaValidationEnabled":false,"tasks":1,"mappingPreviewFileRecordId":"@2","documentType":"MAPPING","references":[{"@type":"reference","refObjectId":"@apyZFhAK91Mj9ikQFJCfIw","refType":"connection"},{"@type":"reference","refObjectId":"@9CRdY0R9JkobtT7mXSL66I","refType":"connection"}]}]