[{"@type":"mappingTemplate","id":"@1","name":"Mapping9","description":"","bundleVersion":"0","templateId":"@3","deployTime":1672981507000,"hasParameters":false,"valid":true,"fixedConnection":true,"hasParametersDeployed":false,"fixedConnectionDeployed":true,"isSchemaValidationEnabled":false,"tasks":1,"mappingPreviewFileRecordId":"@2","documentType":"MAPPING","references":[{"@type":"reference","refObjectId":"@afIjXgfCZlubjNlwuI49CN","refType":"connection"},{"@type":"reference","refObjectId":"@9kzOaxPGkUEjbUe75Zuncc","refType":"connection"}]}]