[{"@type":"mappingTemplate","id":"@1","name":"Mapping9","description":"","bundleVersion":"0","templateId":"@3","deployTime":1672981865000,"hasParameters":false,"valid":true,"fixedConnection":true,"hasParametersDeployed":false,"fixedConnectionDeployed":true,"isSchemaValidationEnabled":false,"tasks":1,"mappingPreviewFileRecordId":"@2","documentType":"MAPPING","references":[{"@type":"reference","refObjectId":"@9kzOaxPGkUEjbUe75Zuncc","refType":"connection"},{"@type":"reference","refObjectId":"@4Ylkl0YaUMAkHzMChKPRY4","refType":"connection"}]}]