[{"@type":"mappingTemplate","id":"@1","name":"Nishanth_Snowflake_StoredProcedure_Summation","description":"","bundleVersion":"0","templateId":"@3","deployTime":1692250570000,"hasParameters":false,"valid":true,"fixedConnection":true,"hasParametersDeployed":false,"fixedConnectionDeployed":true,"isSchemaValidationEnabled":false,"tasks":1,"mappingPreviewFileRecordId":"@2","documentType":"MAPPING","references":[{"@type":"reference","refObjectId":"@afIjXgfCZlubjNlwuI49CN","refType":"connection"},{"@type":"reference","refObjectId":"@aYOUYGwtWSZkMxbVCmNQQC","refType":"connection"}]}]