[{"@type":"mappingTemplate","id":"@1","name":"Mapping277","description":"test123cvvvcxvzcxvdd","bundleVersion":"0","templateId":"@3","deployTime":1669975822000,"hasParameters":true,"valid":true,"fixedConnection":true,"hasParametersDeployed":true,"fixedConnectionDeployed":true,"isSchemaValidationEnabled":false,"tasks":2,"mappingPreviewFileRecordId":"@2","documentType":"MAPPING","references":[{"@type":"reference","refObjectId":"@0cG9vDYHXPzcAQMIirhC4e","refType":"connection"},{"@type":"reference","refObjectId":"@apyZFhAK91Mj9ikQFJCfIw","refType":"connection"}]}]