[{"@type":"mappingTemplate","id":"@1","name":"FrsMappingCheck","description":"modified12334","bundleVersion":"0","templateId":"@3","deployTime":1670911591000,"hasParameters":false,"valid":true,"fixedConnection":true,"hasParametersDeployed":false,"fixedConnectionDeployed":true,"isSchemaValidationEnabled":false,"tasks":1,"mappingPreviewFileRecordId":"@2","documentType":"MAPPING","references":[{"@type":"reference","refObjectId":"@0wUCMpxtegtj9FmRa2hbwf","refType":"connection"},{"@type":"reference","refObjectId":"@8SHiVgl0c47kF1UUDYFeUi","refType":"connection"}]}]