[{"@type":"mappingTemplate","id":"@1","name":"FrsMappingCheck","description":"modified1233","bundleVersion":"0","templateId":"@3","hasParameters":false,"valid":true,"fixedConnection":true,"hasParametersDeployed":false,"fixedConnectionDeployed":false,"isSchemaValidationEnabled":false,"tasks":1,"mappingPreviewFileRecordId":"@2","documentType":"MAPPING","references":[{"@type":"reference","refObjectId":"@0cG9vDYHXPzcAQMIirhC4e","refType":"connection"},{"@type":"reference","refObjectId":"@3SIhMKb1Usxd7uoz2PgLSV","refType":"connection"}]}]